{"cameraMode":{"drawMode":0,"name":"Shaded","section":"Shading Mode"},"sceneLighting":true,"audioPlay":false,"sceneViewState":{"m_AlwaysRefresh":false,"showFog":true,"showSkybox":true,"showFlares":true,"showImageEffects":true,"showParticleSystems":true,"showVisualEffectGraphs":true,"m_FxEnabled":false},"in2DMode":false,"pivot":{"x":0.5134090781211853,"y":1.2182807922363282,"z":73.41041564941406},"rotation":{"x":0.706044614315033,"y":0.0010622496483847499,"z":-0.001059067784808576,"w":0.7081658840179443},"size":77.85722351074219,"orthographic":false}